Title,Year,Genre,IMDb id
The Lost Daughter,(2021),Drama,9100054
Knock Knock,(I) (2015),"Drama, Thriller",3605418
Cobra,(1986),"Action, Crime, Thriller",0090859
The Delta Force,(1986),"Action, Adventure, Drama",0090927
The Kindergarten Teacher,(2018),"Drama, Thriller",6952960
Where Is Anne Frank,(2021),"Animation, Drama, Family",3454424
The Debt,(I) (2010),"Drama, Thriller",1226753
Schizoid,(1980),"Drama, Horror, Mystery",0081459
The Swimmer,(2021),"Drama, Sport",15041866
Holy Lands,(2017),"Comedy, Drama",6383494
Jeruzalem,(2015),"Horror, Sci-Fi, Thriller",4552524
The Angel,(2018),"Action, Biography, Drama",5968274
The Cakemaker,(2017),"Drama, Romance",4830786
The Operative,(2019),"Action, Drama, Mystery",8000718
Allan Quatermain and the Lost City of Gold,(1986),"Action, Adventure, Comedy",0092534
A Tale of Love and Darkness,(2015),"Biography, Drama, History",1135989
The Congress,(2013),"Animation, Drama, Sci-Fi",1821641
Maria's Lovers,(1984),"Drama, Romance",0087682
All Eyes Off Me,(2021),"Comedy, Drama",14043818
The Slut,(2011),"Drama, Romance",1546421
Sublet,(2020),"Comedy, Drama, Romance",9733388
Out in the Dark,(2012),"Crime, Drama, Romance",2318625
Plan A,(2021),"Drama, Thriller",5448338
June Zero,(2022),"Drama, History",18834372
Iron Eagle II,(1988),"Action, Drama, Romance",0095382
Lemon Popsicle,(1978),"Comedy, Drama, Romance",0079118
The Band's Visit,(2007),"Comedy, Drama, Music",1032856
Snails in the Rain,(2013),"Drama, Romance",2924590
Ahed's Knee,(2021),"Drama, Music",12494638
One Week and a Day,(2016),"Comedy, Drama",4777584
Every Time We Say Goodbye,(1986),"Drama, Romance, War",0091019
Norman,(2016),"Drama, Thriller",4191702
Spider in the Web,(2019),Thriller,7942736
15 Years,(2019),Drama,9779804
"My Neighbor, Adolf",(2022),"Comedy, Drama",7175968
ABCs of Death 2,(2014),"Comedy, Horror",2926810
America,(2022),Drama,12252488
Big Bad Wolves,(2013),"Drama, Horror, Thriller",2309224
The Secrets,(2007),"Drama, Romance",0782867
The Body,(2001),"Drama, Mystery, Romance",0201485
Billy Two Hats,(1974),"Romance, Western",0069786
Walk on Water,(2004),"Drama, Mystery, Thriller",0352994
The Frog Prince,(I) (1986),"Drama, Family, Fantasy",0095182
Yossi & Jagger,(2002),"Drama, Romance, War",0334754
Foxtrot,(II) (2017),Drama,6896536
Adam Resurrected,(2008),"Drama, War",0479341
Eyes Wide Open,(2009),"Drama, Romance",1424327
Image of Victory,(2021),"Drama, History, War",14556392
Lebanon,(2009),"Drama, War",1483831
Paradise Now,(2005),"Crime, Drama, Thriller",0445620
Foundation of Mind,(2011),NA,12784436
Bicycle,(2001),NA,0373722
Negativ,(2005),Drama,6486824
Jean Wejnoon,(2011),"Comedy, Fantasy",2281303
HaSheker HaGadol,(2012),Drama,6638574
World Group Quarter Finals: Israel vs. Russia (Davis Cup 2009),(2009),Sport,7370226
Getting Lost,(I),Drama,13644054
Chaber,(2021),"Drama, Family, History",19048276
Grand Finale,,"Adventure, Comedy, Drama",12702168
Kobi V'Mali,(1978),Drama,0151234
Untitled Horatio Spafford Project,,"Biography, Drama, War",13572382
The Untitled Matan Shiram Project,,Drama,11101452
Visa,(I) (2013),"Comedy, Drama",3002628
Dod Pompa,(2000),"Family, Musical",1899163
Windows,(2014),Drama,3742588
Monologue of a Young Woman,(1980),Drama,1852845
The Glow of Heavens,(2012),Drama,2931934
Lean neelam Moshe Ivgy,(2012),"Comedy, Crime",2504518
Mehakim Le Surkin,(2012),"Comedy, Drama",2729778
For Making me a Woman,(2005),NA,14853008
Marionette,(2019),Drama,21249770
Seven Days,(II) (2013),Drama,3145552
Obsession,(2011),Drama,1969118
Rumpelstiltskin,(1987),"Fantasy, Family, Musical",0093891
Je T'aime Mon Amour,(2010),Drama,7325574
Here and Now,(I) (2018),Drama,8332364
Profile 21,,Action,12855858
Before Tomorrow,(1969),Drama,0141551
The Cellar,(1963),Drama,0057123
King of Beggars,(2007),"Drama, War",0378345
Ricochets,(1986),"Drama, War",0091950
On a Narrow Bridge,(1985),"Drama, Romance",0133793
The Auntie from Argentina,(1984),Comedy,0143219
Don Juan of Galilee,(2017),"Comedy, Romance",6725826
On Air,(1999),Drama,0206457
Out of Evil,(1950),Drama,0151548
La provocation,(1970),Drama,0064849
Electric Blanket,(1994),Drama,0114477
Dead End,(II) (2006),Drama,0833438
Shabbat Hamalka,(1965),Drama,0152383
Under the Same Sun,(I) (2013),"Drama, History, War",2535162
Ruin,(I) (2009),"Crime, Drama, Thriller",1404096
Lady Titi Singing Blues,(2018),"Comedy, Drama",7662926
Ha-Muvtal Batito,(1987),Comedy,0143754
Apartment #5C,(2002),Thriller,0300949
A Low Life Mythology,(2012),"Comedy, Drama, Romance",2049383
Tzur Hadassim,(1999),Drama,0163882
Fire Birds,(2015),"Comedy, Drama",3921362
Samson & Deliah,,Drama,5706256
Dr. Pomerantz,(2011),Drama,2072948
Am Yisrael Hai,(1981),Comedy,0087636
They Were Ten,(1961),Drama,0136991
Moments,(1979),Drama,0079787
Intimate Grammar,(2010),Drama,1676680
Hanna's shabbath dress,(2021),Family,13086146
Little Man,(1978),Drama,0152430
Alenbi Romance,(2005),"Drama, Romance",0808145
A Green Chariot,(2005),"Drama, Romance",2151741
Rabies,(2010),Horror,1754000
Upon Her Lips: Pure Feels,(2021),Drama,14406360
Vengeance,(1977),Western,0076261
Madman,(1978),Drama,0077886
Cover-Up,(1991),"Action, Thriller",0099312
Footnote,(2011),"Comedy, Drama",1445520
Atalia,(1984),Drama,0143119
Haven,(2013),Drama,3165442
Hanna K.,(1983),Drama,0085642
Tel Aviv on Fire,(2018),"Comedy, Drama, Romance",5791098
Kicking Out Shoshana,(2014),"Comedy, Sport",3421738
Sweets,(2013),"Comedy, Crime, Drama",2956940
Midnight Entertainer,(1977),"Drama, Music",0133396
Nerd Club: The Movie,(2017),Comedy,7234936
An Intimate Story,(1981),Drama,0083084
Joker,(1976),Drama,0148360
Holly,(2006),"Drama, Romance",0419815
Is That You?,(2014),"Drama, Romance",3830420
Turn Left at the End of the World,(2004),Drama,0374279
Love Birds,(I) (2017),"Biography, Drama",6076004
Lepke,(1975),"Comedy, Drama",0073279
Zero Motivation,(2014),Drama,3576084
Third Body,(2020),NA,11502882
Parano,(2005),"Adventure, Biography, Comedy",0180409
A Moment of Youth,(2011),Drama,1926214
Death of a Jew,(1969),Drama,0066321
Point of View,(1989),"Comedy, Drama, Musical",0100382
Two Kuni Lemel,(1966),"Drama, Sci-Fi",0138101
Endtime,(2014),Drama,2461182
Paratroopers,(1977),Comedy,0076525
Mr. Leon,(1982),"Comedy, Drama",0133339
Heroine,(2016),Drama,5921576
Shem,(2004),Comedy,0406214
Four by Four,(2016),Drama,6024062
The Dinner,(2020),"Adventure, Comedy, Drama",10218878
Planet Blue,(1995),"Drama, Mystery",0112699
The Customer of the Off Season,(1970),"Comedy, Drama, Romance",0147125
Untitled Project,(III) (2021),"Comedy, Drama",15436012
Karaoke,(2022),Drama,14300518
Jellyfish,(2007),"Comedy, Drama",0807721
Synonyms,(2019),"Biography, Drama",7016254
Hannah Arendt,(2012),"Drama, Horror",1674773
The Golem,(2018),Drama,8329290
Sand Storm,(2016),"Action, Drama, Thriller",4365518
The Assassin Next Door,(2009),Drama,1198153
Andante,(2010),"Drama, Mystery, Sci-Fi",1677514
Up the Wrong Tree,(2013),Drama,2388797
Asia,(2020),Drama,10032266
The Last Patrol,(2000),"Action, Drama, Sci-Fi",0214871
Blush,(2015),"Comedy, Drama, Romance",5022872
Fateless,(2005),"Drama, Romance, War",0367082
Speedway Junky,(1999),"Crime, Drama, Romance",0155197
Mossad,(2019),"Action, Comedy",10370402
The Bubble,(2006),"Comedy, Drama, Romance",0476643
Gett,(2014),Drama,3062880
Princess,(I) (2014),Drama,1603900
Amor,(2016),Drama,4531764
Snapshot,(V) (2016),Drama,6583298
The Ballad of the Weeping Spring,(2012),Drama,2378091
Promised Land,(II) (2004),"Drama, Thriller",0424365
Spring 1941,(2007),"Drama, War",1252616
Operation Thunderbolt,(1977),"Action, Drama, History",0076398
Tsili,(2014),Drama,3966798
Home,(II),"Comedy, Romance",1784466
The Hour of Truth,(1965),Drama,0059266
Night Soldier,(1984),Drama,0128562
Send Me an Angel,(2003),Romance,0376172
Avodah B'Eynaim,(1988),Comedy,0133388
Operation Shtreimel,(1993),Horror,0086053
Night Terrors,(2015),"Comedy, Drama, Fantasy",0108350
Demon,(2016),Drama,4935158
Between Worlds,(2020),"Comedy, Romance",5762836
Kiss Me Before It Blows Up,(1987),"Drama, Comedy",7698982
Abba Ganuv,(1983),"Drama, Thriller",0133331
Fellow Travellers,(2003),"Comedy, Romance",0144292
Blind Date,(2019),Drama,0363881
That's the Way You Love,(1984),"Action, Comedy, War",9834798
Total Love,(2000),"Adventure, Romance",0270500
Messagest Hatzameret,(1981),"Comedy, Drama",0151545
Out of the Blue,(2008),"Comedy, Crime, Drama",1290398
HaBerberim,(1980),Drama,12678770
The Cowards,(1969),Drama,0147142
Siege,(LX),"Crime, Drama",0141591
Home,,Drama,18266584
Across the Wall,,"Animation, Comedy",5447956
Bena,(2009),Drama,1454447
Buzz,(1993),"Crime, Drama",0161353
Tied Hands,(2006),Drama,0833548
A Five Minute Walk,(2001),"Crime, Drama",0482218
What Could Possibly Go Wrong?,(2015),Comedy,4968022
Acre Dreams,(2018),Drama,8360894
Love Sick,(1995),"Comedy, Drama",0112665
I Like Mike,(1961),"Comedy, Drama",0137009
Internet Junkie,(2015),NA,5125940
Perfect Strangers,(2021),"Comedy, Drama",14037312
Another World,(I) (2014),"Action, Horror, Sci-Fi",1920846
People That Are Not Me,(2016),"Drama, Romance",5069012
Primal Justice,(1997),Drama,0163361
Year Zero,(2004),Drama,0426213
Master i Margarita. Roman,(2012),"Animation, Action, History",2449630
Kuni Leml in Tel Aviv,(1976),"Comedy, Musical",0074766
Deconstructing the Ushers,(2019),"Comedy, Drama",6027372
Sharqiya,(2012),Drama,2190397
Kasztner's Ark,,Drama,9467428
Matinee,(2011),Drama,1880216
Licking the Raspberry,(1992),"Drama, Music, Romance",0151326
Yona,(2014),Biography,2315388
The Last Robbery,(2021),"Comedy, Crime, Drama",20221848
Mountain,(2015),Drama,4917622
Super Boy,(1998),"Adventure, Comedy, Thriller",0162678
Nipagesh Basivuv,(1987),Comedy,0096924
Man Without a Cell Phone,(2010),"Comedy, Drama",1728240
Lool,(1988),Comedy,0151382
Dreams of Innocence,(1994),Drama,0111200
Ariana,(1971),Drama,0066782
Children of the Fall: Director's Cut,(2017),Horror,9209702
Drifting,(1982),Drama,0085990
Al Techaki Li,(2022),Drama,19364090
Worlds Apart,(1979),Drama,0133349
Menashe,(2017),Drama,6333086
Yossi,(2012),"Drama, Romance",1934269
The Raft,(2020),"Adventure, Drama",12210288
Baby Love,(1983),"Comedy, Drama, Romance",0086926
The Male Gaze: Nocturnal Instincts,(2021),Drama,14285796
House Arrest,(2016),"Comedy, Drama",5748506
Fishke Goes to War,(1971),"Comedy, Drama",0067101
7 fois... par jour,(1971),"Adventure, Comedy, Fantasy",0135741
Aviv,(1998),Drama,0162870
Eli & Ben,(2008),"Drama, Family",1320376
Let It Be Morning,(2021),Drama,14775586
Or (My Treasure),(2004),"Drama, Romance",0388311
Hot Bubblegum,(1981),"Comedy, Drama, Romance",0082528
God's Gun,(1976),Western,0074575
My Happy Ending,,"Comedy, Drama",3197780
Fill the Void,(2012),"Drama, Romance",2219514
Shelter,(VI) (2017),"Drama, Thriller",6249434
In Between,(2016),Drama,5974388
Train of Life,(1998),"Comedy, Drama, War",0170705
Million Dollar Madness,(1986),Comedy,0091945
Emile's Girlfriend,(2006),Drama,1046926
Sallah,(1964),"Comedy, Drama",0058541
Ajami,(2009),"Crime, Drama",1077262
Antarctica,(2008),"Drama, Romance",1234240
The Male Gaze: The Heat of the Night,(2019),Drama,10638354
Abulele,(2015),"Animation, Adventure, Family",4937208
Bethlehem,(I) (2013),"Drama, Thriller, War",2915160
Esau,(2019),Drama,6458566
Ve'Lakhta Lehe Isha,(2004),"Comedy, Romance",0426279
The Wedding Plan,(2016),Drama,5991206
The Kindergarten Teacher,(2014),"Comedy, Drama",3709678
Free Zone,(2005),"Biography, Drama",0441761
Boy Meets Girl,(1982),Drama,0083637
Here We Are,(2020),"Adventure, Comedy",8135564
Going Bananas,(1987),"Comedy, Drama, Romance",0093098
Private Popsicle,(1982),"Animation, Family, Fantasy",0084629
Dot and the Kangaroo,(1977),Drama,0274470
Urban Tale,(2012),Drama,2734854
Melting Away,(2011),Drama,1820531
Six Million Pieces,(2001),"Comedy, Drama",2210979
Beep,(1997),"Drama, Sci-Fi, Thriller",0162878
Hamesima X,(2010),Drama,1715788
Private Manoeuvres,(1983),"Comedy, Drama",0152257
Diamonds,(1975),"Crime, Drama",0072877
Live and Become,(2005),Drama,0388505
S#x Acts,(2012),Drama,2278284
Miral,(2010),"Drama, History",1366409
Golden Voices,(2019),"Comedy, Drama, Romance",9857480
Working Woman,(2018),Drama,8844204
Legend of Destruction,(2021),Animation,4534598
$9.99,(2008),"Animation, Drama, Fantasy",0790799
Broken Mirrors,(2018),Drama,6723102
Maktub,(2017),"Comedy, Drama",7252000
Going Steady,(1979),"Comedy, Romance",0079218
Closed Season,(2012),Drama,2204370
Berlin-Jerusalem,(1989),Drama,0133410
Things,(1995),Drama,0135715
Erich the First,(1995),Drama,0145766
Folie à Trois,(2014),Drama,3149392
Zodiac Land,(2009),Fantasy,1949613
Leylasede,(1995),Drama,0116867
Dependent,(1994),NA,0235336
The Dead Sea,(III),Horror,6285902
The Claim,(2017),Drama,6922090
Tel-Aviv Location,(2009),"Animation, Action, Comedy",1703945
The Life and Death of Gotel Botel,(2009),Musical,1339554
Underdogs,(2009),"Crime, Drama",7031940
Free Diving,,Sci-Fi,4548558
Olin: Documented Fairy Tale,(1998),NA,0194208
The Alley,(III),"Action, Biography, Drama",5439790
Mr. Kohl's Final Hour,(2019),"Comedy, Drama",7430972
The Megillah 83,(1983),Musical,0085923
The Last Shepherd,(2015),"Adventure, Comedy, Fantasy",3181962
Without Home,(1956),Drama,0133390
"How, What and Why",(2020),"Action, Adventure, Comedy",15288646
Mivza Hazala,(2005),"Biography, Drama",0834567
Morning Trail,(2016),"Drama, Romance",9257662
The Investigation Must Go On,(2000),"Crime, Drama",0258635
Valley Of Strength,(2010),"Drama, History",1699221
Delayed Reaction,(2004),Drama,0426260
The Cave,(II),"Drama, Music, Romance",2246156
Sudden Birth and a Wolf,(2011),Drama,2123224
Casablan,(1963),"Crime, Drama",0212046
Ze Lo Seret Studentim,(1997),NA,0167507
Chaverim,(2017),Drama,8310508
Stress,(I) (1998),NA,0214165
Goodbye Komarom,,Drama,6116708
Gufa BaCholot,(1999),"Drama, History",0235241
Revelation,(VI),Horror,7926246
Highway 65,,Drama,7176064
Not Every Day Is Purim,(1994),NA,0238465
The Other Widow,,Drama,3477758
All the Time in the World,(2011),Drama,5759660
Last Moments,(1990),NA,0099985
Emtza HaSeret,(2003),Drama,0333400
"Beam Me Up, Sasha!",(2014),"Comedy, Romance, Sci-Fi",2556756
Pillar of Salt,(1979),Drama,0151722
Ben Zaken,(2014),Drama,3835234
The Hero's Wife,(1963),Drama,0133740
Arim B'Layla,(1998),"Biography, Drama",0154161
Pareil pas pareil,(1978),Drama,0303683
Our Natural Right,(2020),History,14981404
Little Simico's Great Fantasy,(2011),"Comedy, Drama",2072985
The Fence,(2011),Drama,13148494
The Katzman Tapes,(2012),Drama,3210300
And the Rat Laughed,,Drama,3434304
18 Kilometers,(2009),Drama,7479884
Full Gas,(2019),NA,9733362
Brothers,(I) (2008),Drama,1334519
The Children of USSR,(2007),"Crime, Drama, Romance",2224573
The Faithful City,(1952),"Drama, History, War",0137508
Antenna,(I) (2016),"Comedy, Drama",6118214
A Place by the Sea,(1988),Drama,0151470
The Olive Harvest,(2003),Drama,0430426
Big Shots,(1982),Drama,0084342
She Is Coming Home,(2013),Drama,2965510
Once upon a time in Tel Aviv,(2021),"Action, Comedy, Crime",14495752
Breaking,(1985),"Comedy, Music",0152427
The Treasure Across the River,(2016),Family,6295364
Sbank,(2013),"Action, Comedy, Drama",5295324
Achrome,(2022),"Drama, War",16959898
The Director's Angst,(2015),Comedy,4715082
Gibor Ba'Ananim,(2018),Family,8814298
Stalin's Disciples,(1986),"Biography, Drama",0144021
Beyond the Walls II,(1992),Drama,0143647
Seven Days in Elul,(1999),Drama,0205407
Weekend Circles,(1980),Drama,0147020
Motive to Murder,(1966),Drama,0137807
Campaign,(1997),Drama,0145689
Zog or Pered,(1996),NA,0298614
Low Tide,(2017),Drama,4679938
Still Walking,(2010),Drama,1810722
Gehalim Iohashot,(2005),Drama,1410360
Bazdmeg,(2019),Comedy,10679838
Yonatan and Tali,(1953),Drama,5910264
Lo L'Shidur,(1981),Drama,0125844
Sweet and Sour,(1979),Comedy,0145050
White Lies,(1999),Drama,0213246
"The Good, the Bad, and the Not So Bad",(1986),Drama,0094170
Life: Round 2,,"Comedy, Family",6892222
Wasserman - The Rain Man,(2005),Drama,7061170
The Artifact,(II),"Adventure, Fantasy",9515282
Donnez-moi dix hommes désespérés,(1962),Drama,0225543
Late Marriage,(2001),"Comedy, Drama, Romance",0287471
Happy Times,(2019),"Action, Comedy, Horror",8563656
Syrian Bride,(2004),"Comedy, Drama",0423310
Red Riding Hood,(1988),"Adventure, Family, Fantasy",0093831
A Boy and a Camel,(1968),Drama,0139232
Jewish Vendetta,(1999),Thriller,0135566
Three and One,(1974),Drama,0175161
Crows,(1988),Drama,0092803
Tel Aviv-Berlin,(1987),Drama,0145517
Shlager,(1979),"Comedy, Music",0079297
My Michael,(1974),Drama,0073383
Laugh Lines,(2015),Drama,4067160
Matzlema Bli Busha,(1988),Comedy,0147037
Tetragrammaton,(2017),Animation,7238436
Curfew,(1994),Drama,0109996
The Other War,(2008),Drama,1339670
Valentina's Mother,(2008),Drama,1695992
Nadia,(1986),Drama,0089661
Kosnice,(2012),"Comedy, Drama, Romance",2130051
Coffee,(III) (2010),NA,6037090
Eastern Wind,(1982),Drama,0084047
Marzipan Flowers,(2014),Drama,3842994
Nipagesh Bachof,(1987),Comedy,0177045
Good Morning Son,(2018),Drama,9046516
The Babysitter,(1993),Drama,0143739
7 Dwarfs At Auschwitz,,"Drama, History, Romance",9062988
My Margo,(1969),"Comedy, Drama",0064707
Sarit,(1974),Drama,0152288
Nymphs in the Mist,(2007),"Comedy, Romance",4677512
Not in Tel Aviv,(2012),"Comedy, Crime, Drama",2176378
Placebo,(II) (2013),Drama,2980430
B'ezrat HaShem,(2022),Drama,19048670
Babylon Blues,(2011),Drama,2539150
Rachamim,(2007),"Comedy, Drama",7176214
Once Upon Time,(1976),NA,0183603
Indoors,(2016),Drama,5991264
Tubianski,(2014),"Drama, History, Thriller",3995806
Primo and Sabbatai,(2022),"Comedy, Drama",12708228
Esther,(1986),Drama,0133742
Koko Is 19,(1985),"Drama, Music",0151238
Light Out of Nowhere,(1973),Drama,0070319
Happiness Wrapped in a Blanket,(2014),Drama,3862164
Pere,(2000),"Comedy, Drama",0213996
Nelson,(2019),Drama,8694428
Atlit,(2014),"Comedy, Drama, Fantasy",3288166
Kapo in Jerusalem,(2015),"Drama, History",4495188
Cannon Fodder,(2013),"Action, Horror",2526898
Beneath the Silence,(I) (2016),"Drama, History, War",5805058
Restoration,(2011),Drama,1787663
Love in Suspenders,(2019),"Comedy, Romance",10217148
Marriage Agreement,(2008),Comedy,1397509
Round Trip,(2003),Drama,0433043
The Forest,(2020),"Drama, Horror",14797014
A Gift from Heaven,(1973),Comedy,0175895
Born in Jerusalem and Still Alive,(2019),"Comedy, Drama, Romance",9811480
Amazing Grace,(1992),Drama,0104414
Groupie,(1993),Drama,0133819
The World Is Funny,(2012),"Comedy, Drama",2104908
Mars Turkey,(2001),"Comedy, Crime, Drama",0278554
Gonev Miganav Patoor,(1977),Comedy,0239015
Marco Polo: The Missing Chapter,(1996),"Adventure, Biography, Drama",0116987
Never Too Late,(2011),Drama,1774428
Outdoors,(2017),Drama,7267674
The Witch from Melchet Street,(2005),"Drama, Fantasy, Romance",1134661
Inertia,(III) (2015),Drama,5028530
The Journey to Planet Minimik,(2013),"Animation, Family",3308710
Madam Yankelova's Fine Literature Club,(2017),Drama,6965662
My Mother the General,(1979),"Comedy, Drama",0145835
I Don't Give a Damn,(1987),Drama,0121490
New Queer Visions: Parental Guidance,(2021),Drama,15486344
Herzl's Susita,(2018),Drama,9067840
Days of Noah,,Drama,14427170
Hora 79,(2013),"Comedy, Drama",3002584
Dead End Street,(1982),Drama,0125824
Late Summer Blues,(1987),"Drama, Romance",0092678
The Highway Queen,(1971),Drama,0142642
As Tears Go By,(1996),Drama,0118220
Death of a Poetess,(2017),Drama,7067390
Mira Flores,,Drama,7450390
The Israeli Boys,(2020),Drama,11680668
My Dearest Enemy,(2019),Drama,8964196
Operation Sunflower,(2014),"Drama, History",2964144
Fortuna,(1966),Drama,0060423
Podarok Stalinu,(2008),Drama,1305027
Colombian Love,(2004),"Comedy, Drama, Romance",0358925
Infiltration,(2010),Drama,1676681
Barren,(2022),Drama,21237894
Snooker,(1975),Comedy,0152492
The Kind Words,(2015),Drama,3809478
The Fifth Heaven,(2011),"Drama, History",2072055
Maftir,(2008),Crime,1337657
The Cousin,(II) (2017),Drama,7157668
Making Of,(2022),Drama,15675222
Take Mama,(2011),Drama,2362082
The Italians Are Coming,(1996),"Drama, Romance, Sport",0116663
David & Kamal,(2011),Drama,1790672
Arabani,(2013),Drama,2994212
It Rained All Night the Day I Left,(1980),"Comedy, Crime",0077428
Back to Maracanã,(2018),Drama,8420768
Seven Minutes in Heaven,(2008),Drama,1307009
The Delegation,,"Drama, History",19631596
The Quarry,(1990),Drama,0100093
Sh'Chur,(1994),Drama,0111140
Mr Predictable,(2016),"Comedy, Romance",5680160
Avanim,(2004),Drama,0362427
Once There Was a Girl,(2016),Drama,5594412
The Wooden Gun,(1979),Drama,0144585
"Daughters, Daughters",(1973),"Comedy, Drama",0133334
Guttman X5,(2015),Drama,4634652
Town Down,(2018),"Action, Comedy, Crime",15331496
Consolation,(2010),Drama,1693784
Death Has No Friends,(1970),Drama,0179756
Tikvah,(2022),Drama,19050418
Karaoke with Frank S.,(2013),Crime,6059736
The Onkelos Case,(2018),"Action, Drama",12892286
The Golgothan Terror Plot,(2009),Drama,1518303
Odds or Evens,(2012),Drama,11300390
AirTime,(2012),Drama,2218814
The Glorious Silver Hanukah Menorah,(1996),NA,0145795
For a Change,(2018),Comedy,13136008
Scoring Mental,(2013),"Drama, Fantasy, Music",2791412
Astonished Lives,,Drama,11157630
Delusions,(2004),"Comedy, Drama",0461929
Birds in Neutral,(1996),"Comedy, Romance",0118005
Christmas in the Holy Land,(1971),NA,0245052
Attraction,(1988),Drama,0143345
BaKavod Sheli,(2004),Drama,8317822
Green Dreams,(2013),NA,13358848
Grutarally: The Return of 'Kid's Eating Trash',(2018),"Comedy, Music",10102826
Desert's Edge,,Drama,4623842
Two Flags,(2011),"Action, Adventure, Family",1863378
The Man Who Flew in to Grab,(1982),"Comedy, Drama",0151079
Kreutzer Sonata,(2012),Drama,6487300
Diva Senza Tempo,(2017),"Fantasy, Music",11730224
Heart of Stone,(2008),"Drama, Sci-Fi",7479170
Shrouds,(2010),Drama,1757879
Again... the Second Time,(1991),NA,0101278
The Prophet of Tishbe,,Adventure,9141454
Tni Siman Chayim,(2002),"Crime, Drama, Music",5688120
Peach,(2003),"Comedy, Drama",0373668
A Whole Generation Demands a Dream,(1997),NA,0165539
Shattered Perfection,,"Action, Fantasy, Mystery",14514500
Sod Kavur,(2010),"Fantasy, Thriller",8367810
Ubiystvo po neostorozhnosti,(2013),Drama,3142900
The Viewing Booth,,NA,11405338
The Voice of Hope,(1997),"Drama, History",0143987
49KG of Content,(2021),Comedy,18271104
Ukradennoe zhelanie,(2012),"Drama, Thriller",2973052
FunkBox Wedding Band,(2014),Comedy,4438182
Too Late,(IV) (2019),"Drama, Romance",11229516
The Soft German,(2014),Comedy,3907264
Savage the Man,(2017),Mystery,6047312
Scratch,(I) (2007),Comedy,2239012
Tea in a Thunder Cup,(2012),"Drama, Mystery",2571032
The marked ones 2020,(2020),Comedy,14097392
Turbulence,(2010),"Drama, Romance",2407082
Gomrim Holchim,(2012),Comedy,9043228
Children of the Steps,(1984),Drama,0147732
Beautiful Troubles!,(1976),"Comedy, Romance",0074192
Delet Mul Delet,(2008),Drama,7177344
Guavas,(2015),"Adventure, Family",12803934
Shiv'a,(1995),Drama,0162655
Nuzhat al-Fuad,(2006),Drama,0803883
Wait for Me,(III),Drama,11839358
Stories of Rebbe Nachman,,Family,4562250
Dream No More,(1948),Drama,0042414
What Now?,(1998),Comedy,0162730
The Real Game,(1980),Drama,0148477
The Hero,(1970),"Drama, Sport",0068694
The End of Love,(2019),"Drama, Romance",10850214
God of the Piano,(2019),Drama,9647298
Dizengoff 99,(1979),"Comedy, Drama, Romance",0079060
Hitchhikers,(1998),Drama,0162019
Another Shadow,(1976),Drama,1874415
And Then Something Happened,(2013),"Drama, Romance",3139692
Otzarot HaYam HaAdom,(2001),Drama,15976766
The Pracht Inn,(2014),Drama,3824034
In the Name of Love,(1994),Drama,0133411
Take Two,(1972),Drama,0069340
Tayara,(2009),"Drama, Romance",9613332
Islands on the Shore,(2003),Drama,0381283
A Matter of Reputation,(2001),Drama,0289366
Big Eyes,(1974),"Comedy, Drama",0121237
Cupcakes,(I) (2013),"Comedy, Music",1935742
The Male Gaze: Fleeting Glances,(2022),Drama,20848778
Madron,(1970),Western,0066034
Love Trilogy: Stripped,(2018),"Drama, Romance",5368322
Greener Pastures,(2022),"Comedy, Crime",12961740
The Four Deuces,(1975),"Action, Comedy",0073011
Hill 24 Doesn't Answer,(1955),"Adventure, Drama, Romance",0048121
Laila in Haifa,(2020),"Comedy, Drama",12716170
The Last Winter,(1983),"Drama, War",0087599
A Story of David: The Hunted,(1960),Drama,0054342
Japan Japan,(2007),Drama,1090327
Metzitzim,(1972),Comedy,0068941
The Farewell Party,(2014),"Comedy, Drama, Romance",3163304
Villa Touma,(2014),"Drama, Romance",3837950
Summertime Blues,(1988),Comedy,0096190
Yom Yom,(1998),"Comedy, Drama",0162050
War and Love,(1985),"Action, Drama, Romance",0090291
Dawn,(I) (2014),Drama,2316567
The Debt,(2007),"Drama, Thriller",0990427
Sof Shavua be-Galil,(2007),Drama,2539474
Love in the First Degree,(1997),"Crime, Drama",0236454
The Distance,(1994),Drama,0110495
Love Chapter 2,(2017),"Music, Romance",12398004
Drugged Out Sexed Up,(2018),"Comedy, Crime, Musical",3289324
Shake Your Cares Away,(2021),Drama,5851558
The Sell-Out,(1976),"Action, Drama, Thriller",0075188
All My Life,(2008),"Drama, Romance",1334617
The Emperor's New Clothes,(1987),"Comedy, Family, Musical",0142260
Surrogate,(2008),Drama,1407081
Fish also drown,(2020),Comedy,13440266
Dissolution,(2010),Drama,1668199
Eddie King,(1992),Thriller,0104164
Under Western Eyes,(1996),"Action, Comedy, Drama",0116857
Dangerous Acts,(1998),"Drama, Thriller",0163595
Fractures,(2018),Drama,7637180
Strangers,(II) (2007),"Drama, Romance",1064215
Tetarti 04:45,(2015),"Crime, Drama, Thriller",3737988
Checkout,(2021),Thriller,10629014
Next to Her,(2014),Drama,3569978
Lemon Popsicle: The Party Goes On,(2001),"Comedy, Romance",0289730
Ha-Trempist,(1972),"Action, Comedy, Sci-Fi",1388371
Good Boys,(2005),"Crime, Drama, Romance",0462726
Baba Joon,(2015),Drama,3757218
Shiva,(2008),"Drama, Romance",1260396
The Holy Land,(2001),Drama,0283387
Apples from the Desert,(2014),"Drama, Romance",3955672
"Goodbye, New York",(1985),"Comedy, Drama, Romance",0089217
Escape to the Sun,(1972),Drama,0068546
Redemption,(2018),Drama,8666442
The Art of Waiting,(2019),"Comedy, Drama",8757258
Watch Over Her,(2014),Drama,7307210
Five Cities Four Women,,Drama,16915764
Love Letter to Cinema,(2014),"Comedy, Drama",4331676
Echo,(2018),Drama,8660416
The Dead of Jaffa,(2019),Drama,10660366
This Is Sodom,(2010),"Comedy, History",1675197
Once Upon a Time in Palestine,,"Drama, History, Thriller",6908042
Tell Me That You Love Me,(1983),"Comedy, Drama",0086422
Playoff,(2011),"Drama, Sport",1632722
Obsession,(I) (2021),Drama,13091508
A.K.A Nadia,(2015),Drama,3570012
Finita La Commedia,(2019),Comedy,9357908
Eva,(2016),"Drama, Romance",5143826
Trailer WoW Movie I - The Battle of Hillsbrad,(2022),Fantasy,19811474
Time for Cherries,(1990),"Drama, War",0103089
Fantasy on a Romantic Theme,(1977),Drama,0133757
Magical Mystery Tour,(1998),Thriller,0163728
Longing,(I) (1998),Drama,0204451
Sockless: An Einstein Project,(2005),Family,14409994
Killing Streets,(1991),"Action, Adventure",0102213
Love Trilogy: Reborn,(2019),Drama,8214962
Beaufort,(2007),"Action, Drama, War",0758732
The Magician of Lublin,(1979),Drama,0079504
That Lovely Girl,(2014),Drama,3675236
Once We Were Dreamers,(1987),Drama,0094222
Ole LaRosh,(2022),Comedy,21158522
Paris Boutique,(2022),Comedy,9871990
Flawless,(2018),Drama,8653840
Alex Holeh Ahavah,(1986),"Comedy, Drama, Romance",0133351
Scaffolding,(2017),Drama,6253214
Cinema Sabaya,(2021),Drama,6443330
Upon Her Lips: Heartbeats,(2021),Drama,14956786
The Little Traitor,(2007),Drama,0818170
A Borrowed Identity,(2014),Drama,2841572
Impossible on Saturday,(1965),Comedy,0158070
Tuvia Vesheva Benotav,(1968),Drama,0063725
Miss Entebbe,(2003),Drama,0359700
Sands of Beersheba,(1964),Drama,0060935
True Fighter,(2019),Drama,11429932
Lili Marlene,,Drama,15045030
The Electrifiers,(2019),"Comedy, Drama",11115532
A Letter from the Past,(2012),"Drama, Mystery",2517110
Two Heartbeats,(1972),Drama,0142846
The Orphan Queen,,Drama,8163406
Le cantique des pierres,(1991),Drama,0175512
Abba Shahor Lavan,(2003),"Drama, Family, Sport",0358347
Family Secrets,(1998),Drama,0163262
Magic Samson,(1988),"Comedy, Drama, Sport",0151531
The Glow,(2001),Drama,0293720
Present Continuous,(2012),"Drama, War",2382050
White Chocolate,(I),"Adventure, Comedy, Drama",1344335
Only Today,(1976),Comedy,0144567
Between the Pieces of Life,(2019),Drama,20517530
Planted,(2019),Drama,10118092
Max Baer's Last Right Hook,(2006),"Drama, Sport",1059811
Homeport,(2016),Drama,5106396
Streets of Yesterday,(1989),Drama,0144577
Bruriah,(2008),Drama,5701256
The Fox in the Chicken Coop,(1978),Comedy,0078261
The Belly Dancer,(2006),"Action, Drama, Crime",0370893
But Where Is Daniel Wax?,(1972),Drama,0068890
Z'man Emet,(1991),Drama,0102763
A Bit of Luck,(1992),"Drama, Musical",0143941
Fifty Fifty,(1971),"Comedy, Drama",0133856
Sima Vaknin Witch,(2003),"Comedy, Fantasy",0330889
Shiur Moledet: Avdei Hashem,(2003),Drama,0375058
Le testament d'un poète juif assassiné,(1987),Drama,0096249
Repeat Dive,(1982),Drama,0133290
Why Hast Thou Forsaken Me,(2015),Drama,4991396
"Je T'aime, I Love You Terminal",(2010),"Comedy, Drama, Romance",1844692
The Damned,(2018),"Horror, Thriller",9110566
Moris,(2019),Drama,8269128
Race,(1998),Drama,0127020
Jerusalem Syndrome,(2008),Comedy,0929285
Moishe Air-Condition,(1966),Comedy,0060710
Cats on a Pedal Boat,(2011),"Comedy, Fantasy, Horror",1855153
The Composer,(2019),"Comedy, Crime, Drama",5933040
Shalom (Wayfarer's Prayer),(1973),Drama,0152387
"Ha-Tzel, Shel Hachiuch Shelchah",(1998),"Drama, Romance",0162717
Spiral,(II) (2013),Romance,13694588
Father's Footsteps,(2007),"Comedy, Drama",0991272
The Galilee Eskimos,(2006),"Comedy, Drama",0910890
Smell and Smile,(1985),Comedy,0151240
Salomonico,(1972),"Comedy, Drama",0121714
Paradise Ghetto Theresienstadt,(1992),Drama,0211382
April Fool,(1989),Comedy,0126279
Belfer,(1978),Drama,0133407
West Side Girl,(1979),"Drama, Music",0151709
Rita Shem Zemani,(2007),Drama,6790658
Millionaire in Trouble,(1978),Comedy,0077934
The Red Hood Setup,(2014),"Action, Crime, Mystery",3426030
The Dybbuk of the Holy Apple Field,(1997),"Drama, Romance",0143231
The Time That Remains,(2009),"Drama, History",1037163
Hummus Full Trailer,(2022),Crime,11167448
Young Love: Lemon Popsicle 7,(1987),Comedy,0092954
Liebesleben,(2007),Drama,0443570
Beauty and the Beast,(1987),"Family, Fantasy, Musical",0092626
Youth,(2013),Drama,2670524
Yellow Asphalt,(2000),"Drama, Romance",0289074
Beyond the Mountains and Hills,(2016),Drama,5695672
Personal Affairs,(2016),Drama,5695668
Azimuth,(2017),Drama,6567960
Where Eagles Fly,(1990),Comedy,0100922
Girls,(1985),Drama,0133399
Black Light,(2009),Drama,1541638
Epilogue,(2012),Drama,2197566
The Dybbuk,(1968),Drama,0139168
My Australia,(2011),"Comedy, Drama, Sci-Fi",1881012
The Zohar Secret,(2016),Drama,3355014
Pilgrim,(2018),Drama,7642602
Self Made,(2014),"Drama, Romance",3751304
Rage and Glory,(1984),Drama,0149396
A Dangerous Dance,(2007),Drama,0830833
One Small Step,(2003),Drama,0343125
Who Will Start Another Fire,(2021),"Action, Drama, History",14784780
La cage de verre,(1965),Drama,0137783
Bravery,(2018),Drama,6996020
Moon in the 12th House,(2015),"Biography, History, War",4983630
Ha-Gan,(1977),"Comedy, Drama",0076121
Berenshtein,(2021),"Comedy, Drama",11478458
Concerned Citizen,(2022),Drama,17076682
Nina's Tragedies,(2003),Drama,0376007
Inheritance,(I) (2012),"Drama, Horror, Thriller",1637660
Trunk to Cairo,(1965),Drama,0061123
Goldberg & Eisenberg: Til Death Do Us Part,(2013),"Comedy, Drama, Romance",2621664
Let's Blow a Million,(1977),"Comedy, Musical",0133519
Tel Aviv Stories,(1992),Adventure,0105416
5 and 5,(1980),"Drama, History, War",0080834
Brennender Sand,(1960),Drama,0053676
Love Letters from the War,(2014),Drama,4179400
A Thousand Little Kisses,(1981),Comedy,0133734
Ha-Mangalistim,(2003),Drama,0316218
Take Off,(1970),Drama,0144968
Strangers in the Night,(1993),"Drama, Fantasy",0145588
A Thousand and One Wives,(1989),Drama,0097269
The Pill,(1972),Comedy,0142312
Cheer Me Up,(2016),"Drama, War",4832000
Ovdim Al Ha'Olam,(1983),"Drama, Romance",0147138
Judith,(1966),Drama,0060568
Temptation,(2002),"Action, Drama, Thriller",0392613
The Other Story,(2018),Drama,8510206
The Jerusalem File,(1972),Drama,0068763
Upon Her Lips: Butterflies,(2018),Drama,9747894
Voice Over,(2009),"Drama, Comedy",1486803
Mrs. Moskowitz and the Cats,(1989),Thriller,0144591
Greenfields,(1989),Drama,0133332
Abba Ganuv II,(1997),Drama,0166238
Bloodguilt,(2022),Drama,20114364
Red Cow,(2018),Drama,7769310
I Love You Rosa,(1972),Drama,0068213
Orange People,(2013),Drama,2901396
Longing,(2017),"Drama, War",5545984
Don Quixote and Sa'ad Pancha,(1956),Drama,0133716
Khirbet Hiza'a,(1978),"Drama, Musical",0151202
Metamorphosis of a Melody,(1996),Drama,0148471
Nurith,(1972),Drama,0142710
Zechut HaShtika,(2017),"Adventure, Drama, Thriller",7806062
Past Life,(2016),Thriller,5787384
Zaytoun,(2012),Drama,2131698
Incitement,(2019),Drama,10122392
The Burglar,(2016),Drama,5492734
Kadosh,(1999),Drama,0189630
Prom Queen,(1986),Drama,0164744
Saturn Returns,(2009),"Drama, Music, Romance",1337535
Invisibles,(2014),Drama,4036334
Kasach,(1984),Drama,0151189
The Long Shadow,(1992),Comedy,0104754
Gift from Above,(2003),Drama,0339366
Up Your Anchor,(1985),Comedy,0089473
Like Me,(2022),"Comedy, Romance",19188852
Saving Shuli,(2021),Drama,12839480
Salsa Tel Aviv,(2011),Fantasy,1965061
A Pound a Piece,(1963),Drama,0148659
Fortuneteller,,NA,9572246
No Names on the Doors,(1997),Musical,0135408
The Badchan,,"Drama, War",9123406
The Covenant,(2013),"Action, Adventure, War",3296724
Kippur,(2000),Drama,0218379
Warhead,(1977),Drama,0072389
Policeman,(2011),Drama,1978447
Life According to Agfa,(1992),Drama,0103945
Ben,(1997),Drama,0143131
Dreams,(1969),Drama,0133835
On the Fringe,(1987),"Drama, Romance",0133600
Foreign Sister,(2000),Drama,0256587
Different Sky,(2006),Drama,7217158
Broken Wings,(2002),Comedy,0317842
Virgins,(2018),"Drama, History",7176472
Single Plus,(2012),"Drama, War",2164804
O Jerusalem,(2006),Drama,0443448
Avanti popolo,(1986),"Comedy, Drama",0090677
The War Has Ended,,NA,9351158
Marriage Tel Aviv Style,(1979),Drama,0144502
Good Intentions,(1998),NA,0178518
Janem Janem,(2005),Drama,0833474
Exile: A Myth Unearthed,(2011),Drama,3052080
A Day Full of Grace,,"Crime, Drama",6333014
Korban HaAhava,(1992),Drama,8318372
Aaron Cohen's Debt,(1999),"Drama, War",0219467
Rascals Dawn,,Drama,2462238
Clouds Over Israel,(1966),Drama,0056494
"Again, Forever",(1985),"Adventure, Comedy",0089931
Bye Bye Love,(2008),Drama,1512890
Robinson und seine wilden Sklavinnen,(1972),Drama,0067682
Disengagement,(2007),Drama,0871512
The Passover Plot,(1976),"Drama, Thriller",0075043
Urban Feel,(1999),Drama,0162420
More Than I Deserve,(2014),Drama,7176058
Four Days Away from Two Light Years,(2011),Comedy,11111168
By Summer's End,(2004),"Action, Drama",2075088
Thirst,(2017),Drama,0398713
Holy Air,(1987),"Drama, Comedy",6590488
Flash,(2021),Music,0133770
Bonjour Monsieur Shlomi,(2003),"Drama, Romance",0380485
InContact,(2012),"Drama, Musical",1927176
Return from India,(2002),"Biography, Drama, History",0317964
Red Fields,(2019),"Animation, Biography, Drama",10679766
The Interrogation,(I) (2016),Drama,4359240
Rashi: A Light After the Dark Ages,(1999),Drama,0223992
Tel Aviv-Los Angeles,(1988),"Crime, Mystery, Thriller",0145518
Cordonia,(1984),Comedy,0146576
Halav,(2021),"Action, Drama, History",9800124
The Dealers,(2012),"Comedy, Drama, Romance",2386321
Rock the Casbah,(2012),"Drama, Thriller",2164718
A Matter of Size,(2009),"Drama, Thriller",1258123
The Angel Was a Devil,(1976),"Comedy, Musical",0143587
Lipstikka,(2011),Comedy,1374988
Kafka for Kids,(2022),"Action, Drama",18039418
Schwartz Dynasty,(2005),"Action, Drama",0480940
Azit Hakalba Hatzanhanit,(1972),Drama,0068244
Giraffes,(2001),"Drama, History",0295281
A Woman's Case,(1969),Drama,0141603
2048,(2010),Drama,1722612
Love Trilogy: Chained,(2019),"Comedy, Drama",8214936
Two,(2021),Drama,13055958
Honeymood,(2020),Drama,11905730
Rachel's Man,(1975),"Comedy, Drama",0072060
La salamandra del deserto,(1970),Drama,0067700
Saint Cohen,(1975),Drama,0072110
A Strange Course of Events,(2013),Drama,2901690
Unbelehrbar,(2010),Drama,1593810
Abba Ganuv III,(1991),Drama,0133333
Angels in White,(2012),"Drama, Mystery",6981178
The Tunnel,,Drama,12702898
Tikkun,(2015),"Comedy, Drama, Music",4482858
The Matchmaker,(2010),"Drama, Action, Adventure",1655424
Almost Famous,(2017),Drama,7059806
Sinai Commandos: The Story of the Six Day War,(1968),Drama,0063192
Wedding Doll,(2015),"Comedy, Drama",4794512
Stuck,(III) (2022),Drama,19358610
Fuck You Jessica Blair,(2017),Comedy,6414704
Mirage,(III) (2019),Drama,11464360
Schwartz: The Brave Detective,(1973),"Action, Comedy, Sci-Fi",0143123
"Irit, Irit",(1985),"Drama, Fantasy, Romance",0148340
Robot Awakening,(2015),"Action, Drama, Mystery",2819130
Saint Clara,(1996),Drama,0115909
Witness in the War Zone,(1987),Drama,0092844
Manpower,(2014),Drama,3247816
The Last Love of Laura Adler,(1990),"Drama, Music",0133343
Scar,(1994),"Drama, Romance, War",0162716
Forever Young,(1996),"Action, Adventure, Drama",0135695
Esh Tzolevet,(1989),Comedy,0133739
Suns of Babylon,,Drama,5520394
Crazy Camera,(1989),"Drama, Music",0164794
The Dreamer,(1970),Drama,0065663
Days of Love,(2005),"Action, Drama, War",0482025
Dear Mr. Waldman,(2006),"Drama, Music, Musical",0823493
Saints Rest,(2018),"Drama, Thriller",5936578
Rapid Eye Movement,(2003),Comedy,0889221
Baumschlager,(2017),Drama,5520404
Hahithalfut,(2011),"Comedy, Horror, Romance",1441368
Ultimatum,(II) (2009),Fantasy,1469895
Open Stitch,(2009),Drama,1719664
A Touch of Magic!,,"Adventure, Crime, Drama",7138460
Pink Lady,,Drama,13875978
Bechirah,(2021),Drama,19047790
Frank Sinatra Died,(1998),"Crime, Drama",0205072
We Had a Forest,(2016),Drama,5844526
Shalom Lach Sigal,(1996),Drama,5677378
A Married Couple,(1983),Drama,0086645
Neither by Day Nor by Night,(1972),Drama,0068995
Afterthought,(2015),Drama,4614560
Silent Game,(2022),Drama,21105604
Don't Forget Me,(2017),"Animation, Adventure, Comedy",7679200
Edut,(2011),Drama,2051984
The Embryo Who Came in from the Cold,(2020),Drama,2006291
Children of Rage,(1975),"Comedy, Drama, Sport",0072778
"Aviva, My Love",(2006),Drama,0833422
The 90 Minute War,(2016),Drama,4967126
Golem,(I) (2014),"Comedy, Drama",3812648
Plasticine,(2013),NA,2980684
999 Aliza: The Policeman,(1967),"Drama, Comedy",0133330
Apollo Group Global LLC,(2021),NA,16318368
Marriage Games,(1973),"Adventure, Drama",0133829
Drizzle,(1994),Drama,0179159
Lonely Planet,(2011),Drama,1740807
The Flood,(2010),Drama,1433910
Driver,(2017),"Adventure, Family",6213004
Sky Raiders,(2019),"Comedy, Mystery",7705250
The Wonders,(2013),"Drama, Music, Romance",2882590
Love & Dance,(2006),NA,0814197
Invisible World,(II),"Drama, War",6362144
Ha-Pritza Hagdola,(1970),Drama,0073089
Fever at Dawn,(2015),"Comedy, Drama",3122014
The Death of Cinema and My Father Too,(2020),"Action, Adventure",12444576
Allan Quatermain and the Jewel of the East,,"Comedy, Drama, Romance",2292558
Mithatenet,(2022),Drama,9733060
God's Neighbors,(2012),Drama,2164756
Our Father,(2016),Drama,4466358
Woman Alive,(2021),Drama,15790446
No Blood,(2018),"Drama, Action, Comedy",7610418
Overture 1812,(1997),Drama,0265479
Chronicle of Love,(1999),Drama,0161436
"Golem, le jardin pétrifié",(1994),"Comedy, Musical",0143281
Hershele,(1977),Drama,0076139
Under the Domim Tree,(1994),"Comedy, Drama",0109751
Gesta,(2017),Drama,6511244
Mymym,(2005),Drama,0497641
First Love,(1982),Drama,0133342
Beach Boys,(1992),Drama,0143761
Dead Language,,Drama,12839450
"Himmo, King of Jerusalem",(1987),"Adventure, Comedy",0093192
Ha-Banana Hashehora,(1976),Drama,0143124
Alex,(2004),"Drama, Romance",0441837
A Trumpet in the Wadi,(2002),"Action, Biography, Drama",0298358
Snow of My Memory,,Drama,2651008
Alaska,(I) (2018),Drama,8040482
Release the Princess,(1999),Drama,7488322
Gam Zu L'Tovah,(2022),Drama,19050840
The Winchell Affair,(1979),Drama,0145957
The Kites Are Flying!,,Drama,6857094
"Yossele, How Did It Happen?",(1989),NA,0149394
The Artist Does Not Live by Bread Alone,(1996),Drama,0165092
Boche BaGeshem,(1996),Comedy,8310632
Ha-Diber Ha-11,(1975),"Adventure, Family",0072879
Hasamba Ve-Shodedey Ha-Susim,(1985),Drama,0832516
Yaldei Kenyon Hazahav,(1995),"Drama, Music, Romance",0135711
Yoter Ity Mi'Lev,(2012),Drama,2318773
The Marzipan Woman,(1997),Drama,0143626
Women in the Other Room,(1967),"Comedy, Romance",0062501
And Then She Arrived,(2017),Drama,7196880
My Lovely Sister,(2011),Drama,1980315
Wild Dogs,(2007),"Drama, History, War",0791140
Kaddish,(2019),Drama,9643286
Coffee with Lemon,(1994),Drama,0110226
Kuni Leml in Cairo,(1983),"Comedy, Drama",0151269
Wrong Number,(1979),Comedy,0152833
Milk,(X),Drama,12753464
A Crazy Dad,(1981),Drama,0147495
Eagles,(2012),Drama,2379450
Zrubavel,(2008),Drama,1758849
The Boy Across the Street,(1965),"Drama, Romance",0138202
Haya O Lo Haya,(2003),"Animation, Family",0330375
Mikmak - Untitled 2nd Feature Film,,Action,3319148
Black Jack,(I) (2004),Drama,0430925
Love at Second Sight,(1999),"Comedy, Music",0162843
The Jolly Cobbler,(1970),Drama,6123198
Mat Iisusa,(1991),"Comedy, Drama, Fantasy",0097849
"Joshua, Joshua",(1988),"Comedy, Drama",0126131
Muchrachim Lehiyot Same'ach,(2005),"Drama, Romance",0480690
Photo Roman,(1987),NA,0093734
Story of Israel,(1967),Drama,0165500
Driks' Brother,(1994),Drama,0156491
Halakeh,(2008),Drama,1311654
Tomorrow's Yesterday,(1964),"Drama, War",0136811
Ceasefire,(1950),Drama,0146784
Roof of the World,(2014),"Drama, Crime",7804140
The Persuader,(1973),NA,0151542
On the Edge: Gesta 2,(2018),Mystery,8551348
The Insomniac City Cycles,(2009),NA,1466516
Du-Krav,(1993),Drama,0133724
Every Mile a Stone,(1955),"Drama, War",0133744
Road 40 South,(2014),Drama,3426156
Prisoners of Freedom,(1968),"Action, Adventure, Drama",0133382
Gods Heart,,Comedy,6249754
Dogs Are Color Blind,(1996),Comedy,0116786
Melech LeYom Ehad,(1980),Comedy,0084207
House Committe Rivalry,(1986),Drama,0150811
Mishak Hachvaim,(2021),Comedy,15037516
Buskila Twins,(1998),Drama,0163138
Moon Wolf,(2005),Romance,0459144
Put K Slave,(1997),Drama,4505300
The Doubt,,Drama,15554956
Stigma,(1982),Adventure,0086365
Israel Is Real,(2007),"Drama, Mystery, Thriller",8258878
Auxiliary Ego,(2014),Drama,4158582
A Group Portrait with a Woman,(2003),Comedy,0374283
"No, Prime Minister",,Comedy,2025631
Hayeh Ahaltah Otah,(1980),Comedy,0133844
Marco and Polo,,Drama,4365542
The Valley Train,(1989),Drama,0143823
On the Edge,(1994),Comedy,0109056
Al Hapanim,(1989),"Drama, Romance",0133346
Tzaadim Noashim,(2000),"Drama, Romance",5701946
Nini,(1962),Drama,0151763
Emunah,(2021),Drama,19047998
Love and Hope,(2015),"Drama, Romance",4874958
Street 60,(1976),Drama,5524664
The Father,(1975),"Drama, Romance",0148324
Iris,(1968),"Drama, Music",0139385
Dummy in a Circle,(1993),Drama,0107029
Landsman,(2009),"Drama, Romance",1438464
In the 9th Month,(2002),Drama,0311328
Winter Games,(1988),Drama,0151588
Golden Key,(1954),Drama,0148440
Ipui Koach,(1994),"Drama, Mystery",0151074
Sparks Fly Upward,(2015),Drama,5243738
Shell Shock,(1988),Drama,0095292
Overdose,(1993),Drama,0151533
Istahar,(2017),"Drama, Romance",6971276
HaMalchin HaAlmoni,(2000),Drama,8362832
I Had a Wonderful Childhood,(2004),"Comedy, Crime, Drama",6230450
The Survivor,(2013),Drama,3112432
A Brief History of Love,(1996),Drama,0135503
For the Sake of the Dog,(1979),Drama,0148863
An Evening Without Na'ama,(1992),Drama,0133738
Here Comes the Sun,(II),NA,6443416
Einstein in the Holy Land,(2015),Comedy,9728064
She's Got It,(2007),"Drama, Music",0498793
Sunstroke,(1984),Comedy,0145063
Radical,(2013),"Comedy, Drama",3239954
Hole in the Moon,(1964),Comedy,0058206
Metallic Blues,(2004),Drama,0402374
Ervinka,(1967),Drama,0133748
Nika,(2010),"Comedy, Drama, Musical",1728242
The Appointed,(1990),"Drama, Musical",0137806
To Be a Star,(2003),"Drama, Family",0374001
Ballads of the Revelation,(2020),Comedy,12690818
Transit,(I) (2013),Comedy,3031000
The Last Band in Lebanon,(2016),"Drama, Sci-Fi",5564142
All In,(IV) (2019),"Action, Crime, Drama",8555506
A Message from the Future,(1981),Drama,0152394
The Rule of Law,(2012),"Horror, Thriller",1756823
Doubtful,(2017),Drama,7087940
ForgotteNation,(2021),Drama,16263830
Lupo!,(1970),Drama,0066023
Invisible,(2011),"Comedy, Drama, Romance",1893261
Three Mothers,(2006),"Comedy, Romance",0833546
2 Night,(2011),Drama,1685486
Hanna's Journey,(2013),Biography,2429414
Beautiful Valley,(2011),"Action, Drama",1484074
Yoni,(2002),"Comedy, Drama",0469863
Anthrax,(2017),"Action, Crime, Thriller",8717236
James' Journey to Jerusalem,(2003),Drama,0305178
Suicide,(II) (2014),"Adventure, Drama, Fantasy",3714804
A Thin Line,(1980),"Comedy, Drama",0081621
Galis: The Journey to Astra,(2014),"Comedy, Drama",4901934
The Sumo Wrestler,(2012),"Action, Adventure, Crime",2392770
The Day We Met,(1990),Drama,0147082
AntiVirus,(2014),"Comedy, Drama, Musical",3212774
Shabazi,(1997),Comedy,0143869
Holy Whores and Heretics the Secret Life of Mary Magdalene,(2016),Drama,5932646
Leave My Wife Alone,(1989),Drama,0133714
Ahavot VeShekarim,(2008),"Drama, Music",8315028
Growing Pains,(1980),Comedy,0148612
Morning Star,(1980),"Drama, Family",0151236
Wanted: Four Legged Husband,(1993),NA,0107542
Dreamboat,(1964),NA,0058699
Angesichts der Wälder,(1996),"Crime, Drama, Thriller",0106282
Visions of the Holy Land,(1996),"Comedy, Drama",0146343
Nurit 2,(1983),Drama,0142711
Honor,(2010),Drama,0887751
Dalia and the Sailors,(1964),Drama,0057992
Five Hours from Paris,(2009),Drama,1345469
Thin Ice,(2012),Fantasy,7803976
Forgiveness,(I) (2006),"Drama, War",0486580
The Immigrant,(1991),"Adventure, Comedy",2831500
InSight,(2003),NA,5586694
The Ring's Journey,(2017),Drama,12849978
Hol Ba'eynayim,(1967),Comedy,0174745
Agadat Ha'ish Sheshatak,(1998),Drama,0171468
Four Weddings and a Terrorist Attack,,Drama,13644038
Funeral at Noon,(2013),Comedy,3114224
Braids,(1989),"Drama, Thriller",0147641
Peter the 3rd,(2015),Drama,5134724
The Owl,(1988),"Drama, Romance",0153976
Circus Palestina,(1998),"Crime, Drama",0163586
Black Box,(VII),Drama,10804486
Tania 403,(2002),"Action, Crime, Thriller",0339763
"Ya obeshchala, ya uydu...",(1992),"Crime, Thriller",0203218
Game Over,(1996),Drama,0143266
Harbour of Love,(1967),Drama,5346986
Summer at Erica's,(1992),Comedy,0145025
Herod Islands,(2018),NA,8413700
La piccola bibbia,(1995),"Drama, Thriller",0267826
A Night in Tiberias,(1965),Drama,0151990
Medium Rare,(2010),"Biography, Drama",4212576
Wendy,(V),Drama,12697080
The Prodigal Son,(1968),"Drama, Family",0139300
Eight in the Footstep of One,(1964),Drama,0138098
Gloves,(1986),Drama,0093097
We Are Not Alone,(2011),Drama,1964485
Zion and His Brother,(2009),Drama,1191140
It All Begins at Sea,(2008),Drama,1284990
Valley,(2014),Drama,3824030
Liczba doskonala,(2022),"Drama, War",16023794
Cup Final,(1991),"Comedy, Sci-Fi",0101959
Galis: Connect,(2016),Drama,11802574
Halakhah,(2022),Drama,19050010
Rutenberg,(2003),"Comedy, Crime, Drama",0238960
The Great Telephone Robbery,(1972),Drama,0148846
Burning Memory,(1989),Drama,0126639
A Movie and Breakfast,(1977),Comedy,0076685
Not a Word to Morgenstein,(1963),Drama,0133340
Itach Lanetzach,(1997),Comedy,0157839
Ha-Proyect Shel Piter Shmychel,(2008),NA,0834580
Uncle David,(1970),Drama,0143963
Enemy Scoop,(1999),Drama,0285068
Children of Nobody,,Drama,12612112
Hapnimiyah,(1983),Drama,0146847
Shivuy Mishkal,(2005),Drama,0860535
Armand's Kites,(2011),Comedy,11112628
Who's the Father?,(1996),"Comedy, Drama",0317914
The Hole Between Us,,War,7216396
Tip of the Spear,,NA,7024252
Kalinka Maya,(1997),"Family, Musical",0177877
Milk & Honey,(2001),"Comedy, Romance",8546902
Ha-Khetzi HaSheni,(1996),Drama,0354683
Chozeh Ahavah,(1986),"Comedy, Drama",0133866
The Simhon Family,(1964),Drama,0137110
The Dress,(1969),"Drama, History",0066381
The Milk Trial,(2016),Comedy,4952638
Shuroo,(1990),Comedy,0102919
The Ladies' Hairdresser,(1984),Drama,0152286
Transit,(1980),"Comedy, Drama",0138884
Gloria Jesus,(2014),Drama,1647360
Chaver VeAch 2,(1999),Drama,8314460
Hoze Lech Brach,(2008),Drama,5566984
Tape,(2016),"Drama, Fantasy, Thriller",5641214
E.M.E.T,(2009),"Drama, Sport",1437813
Beitar Provence,(2002),"Adventure, Drama, Family",0340013
Harpatka'ot Yaldei Hahof,(1971),Drama,0142353
The Cutoff Man,(2012),"Animation, Comedy, Drama",2219708
The Amlash Enchanted Forest,(1974),"Comedy, Drama",0143286
"Fish, Football and Girls",(1968),"Comedy, Mystery, Romance",0144606
Bewitched,(2018),Comedy,9716728
49KG of Content 2,(2022),Family,19406940
Havurat Rosh Kruv,(2010),Drama,1910548
Saturday of the Groom,(1993),Comedy,0158185
BlockBuster,(2010),"Drama, Fantasy",2795530
Mark of the Serpent,,"Comedy, Drama",6167788
Hamesh Ma'ot Elef Shahor,(1977),Drama,0133837
Maya,(III) (2010),"Adventure, Drama, Family",1922662
Hasamba & the Black Handkerchief Gang,(1971),Drama,0067187
The Smile of the Lamb,(1986),Drama,0091210
The Dove Flyer,(2013),"Drama, Mystery, Thriller",2890140
Yamim Kfuim,(2005),"Action, Comedy",0756359
They Call Me Shmil,(1973),Comedy,0062359
Lend Me Your Wife,(1988),"Comedy, Drama",0147586
Girls' Paradise Eilat,(1964),Comedy,0137404
Expats,(2018),Comedy,9174920
"Lady, Open Up, It's Me",(1992),"Adventure, Fantasy",0148210
Wake Up Dreaming,(2013),Drama,15338222
We Will Be Strong in Our Weakness,(2011),Drama,1858593
Women,(1996),"Crime, Drama",0117152
Salt of the Earth,(2006),Drama,0480559
The Deserter's Wife,(1991),NA,0106895
The Changeling,(2002),"Comedy, Fantasy",0375649
The Revenge of Itzik Finkelstein,(1993),Comedy,0107690
Nahtche and the General,(1972),Biography,0063334
Janusz Korczak,(2004),Drama,0469861
Bread,(1986),Drama,0093400
Ruth,(I) (2008),"Crime, Drama",1337534
Ingil,(2001),Drama,0290221
Jerusalem Syndrome,,"Family, Music",3764486
Festival Shirei Yeladim,(1980),Drama,0133762
Gabi Ben Yakar,(1982),Drama,0133785
Buck Davis,,Drama,6793840
From the Other Side,(1970),NA,0161814
La piccola bibbia,(1995),NA,0267826
Two Peas in a Pod,,"Fantasy, Sci-Fi",13868890
Writer's Block,(II) (2008),Drama,6428544
Goscinnosc Hospitality,,Drama,10009218
Bittersweet,(2007),"Drama, War",1063685
There Was No War in 72,(1995),Drama,0112428
Three Days and a Child,(1967),"Comedy, Drama, Romance",0138100
Julia Mia,(2007),Comedy,6982844
Pink Subaru,(2009),Adventure,1557832
Ovsunçu,(2003),Drama,0471291
Vice Versa,(2015),Drama,14859454
On a Clear Day You Can See Damascus,(1984),Drama,0133391
Henry's Dream,(2004),Drama,0380414
There Were Nights,(2010),Drama,1483826
Blood Brothers,(V),Drama,6794830
Everywhere But Here,(2013),"Action, Drama, War",2467634
Five Days in Sinai,(1968),"Comedy, Drama, Romance",0133838
Yana's Friends,(1999),Animation,0162909
The Wild Bunch,,Comedy,1021002
Pinups und ein heißer Typ,(1981),Drama,0082908
The Monkey House,,"Crime, Drama, Mystery",10629360
Call for Dreams,(2018),Drama,7520672
Tel Aviv,(2021),Drama,11234550
Ha-Derech L'Ein Harod,(1990),Drama,0100359
Sof Shavua B'Tel Aviv,(2008),Horror,1043869
Outcry,(1998),"Crime, Thriller",9354814
A Great Light,,"Crime, Drama",6866920
Murder C.O.D.,(1973),NA,0068686
In a Place Far from the Earth,(1994),"Drama, Romance",0238294
Love Without Pity Is Cruel,(1983),Drama,0133370
Fariba's Tree,(2011),Drama,3994150
What a Wonderful Place,(2005),Drama,0468729
The Lullabay of US,,Drama,19843912
He Walked Through the Fields,(1967),Comedy,0139370
What a Gang,(1962),"Drama, War",0057132
Is Tel Aviv Burning?,(1967),Drama,0138099
Indian in the Sun,(1981),Drama,0148329
Who Are You to Me?,(2010),Drama,1826755
Burning Land,(1984),Drama,0133338
Free Man's Blood or the Sykariki,(1970),Comedy,0406787
You're Famous,(1989),Comedy,1298712
Riki Riki,(2005),Drama,0446453
The Secret of Yolanda,(1982),"Drama, Romance",0083527
Fucking Different Tel Aviv,(2009),Drama,1362076
L'aube,(1986),Drama,0088753
Clay,(II),NA,4365620
Compromise,(1996),Drama,0164501
Welcoming Sabbath,(2014),"Drama, Family",2898912
Winning with Miki,(2004),Drama,1215473
Purple Lawns,(1998),Drama,0162281
"Sie sind frei, Doktor Korczak",(1974),Drama,0070690
Everlasting Joy,(1996),"Comedy, Drama",0117263
"Az Men Git, Nemt Men",(1982),NA,0142423
In the Line of Fire,(2002),"Drama, Romance",0382752
Rachel,(1960),Drama,5626016
Last Resort,(1999),"Drama, History",6841138
A Promised Land,(2009),"Comedy, Drama, Fantasy",1622962
Ha-Bsora Al-Pi Elohim,(2004),Comedy,0412538
A Movie with Catherine Deneuve,(2015),Comedy,7328640
Crazy Weekend,(1986),Drama,0121153
Floch,(1972),Drama,0133772
Restless,(I) (2008),Drama,1075644
Angels in the Wind,(1992),Drama,0143588
Blaze on the Water,(1969),Drama,0146973
Aunt Clara,(1977),Drama,0075948
Dusk,(2010),Drama,1467378
The Man Disappeared,,Comedy,5304150
Habiographia Shel Ben,(2003),Drama,0417734
The Mevorach Brothers,(2000),Comedy,6748776
"It's a Funny, Funny World",(1978),"Drama, Romance",0077757
Mashehu Matok,(2004),"Drama, Romance",0813552
The Heritage,(1993),Drama,0108619
Awakening,(2015),Drama,5025870
Pulse,(III) (2020),Drama,20981554
Bli Daf Hora'ot,(1999),"Drama, History",0204904
Chronicle of a Disappearance,(1996),Drama,0115895
The Day After I'm Gone,(2019),Drama,9455100
Forgiveness,(2019),Comedy,10929798
The Human Resources Manager,(2010),"Comedy, Drama",1311075
Ushpizin,(2004),Drama,0426155
Tahara,(2002),Drama,0325478
Charlie and a Half,(1974),"Comedy, Drama, Romance",0133689
Warriors,(1994),"Action, Drama",0111670
Don't Let the Night End,(I) (2019),"Comedy, Drama, Romance",5663804
Snowland,(2020),Drama,9733150
Timrot Ashan,(2019),Drama,10498644
The Man Who Loves Hebrew,(1994),Drama,0145001
Everything Is Broken Up and Dances,(2016),"Comedy, Drama, Music",5176794
Mabat Koev,(1994),Drama,8362940
Noa at 17,(1982),Drama,0084417
Cold Feet,(2006),"Comedy, Drama, Romance",0831925
Blank Bullet,(2010),"Drama, Thriller",1728247
Hamiklat,(2007),"Drama, Thriller",1387182
Rockinghorse,(1978),Drama,0152703
Hill Start,(2014),Comedy,3919692
Into the Night,(1985),Drama,0088696
Carmel,(2009),"Biography, History",1399533
Besame Mucho,(2000),"Crime, Romance, Thriller",0257437
Freak Out,(2015),"Comedy, Horror",3846718
Encirclements,(2014),Drama,3824038
Burning Land,(2022),"Drama, Thriller, War",15202676
HaSipur Shelanu,(2022),"Drama, Music",19363972
Full Speed,(2021),Action,11647568
Room 514,(2012),Drama,2205501
Kidon,(2013),"Action, Comedy",2991008
Palestine,(2017),Drama,7081810
Saving Neta,(2016),Drama,5261088
Victory,(2022),"Drama, Musical",15066586
Summer Story,(2004),Drama,0420229
Over the Ocean,(1991),Drama,0104834
A Tramway in Jerusalem,(2018),Drama,8896640
Junction 48,(2016),"Action, Biography, Crime",5140182
Eminent Domain,(1990),"Drama, Thriller",0101809
The Big Dig,(1969),Comedy,0065076
Halfon Hill Doesn't Answer,(1976),Comedy,0073052
Joe + Belle,(2011),"Comedy, Crime, Drama",1930371
Bar 51,(1986),"Crime, Drama",0090698
All I Can Do,(2022),Drama,21238042
Hunting Elephants,(2013),"Comedy, Crime, Drama",2295196
Torn Apart,(1990),"Drama, Romance",0100800
Svideteli,(2018),"Drama, History, War",6829438
The Summer of Aviya,(1988),"Biography, Drama",0095433
The Band,(1978),"Comedy, Drama, Musical",0079430
Tel Aviv Call Girls,(1972),"Crime, Drama",0068754
Big Truck and Sister Clare,(1974),"Comedy, Drama",5198136
Family,(I) (2017),Drama,6211060
Afula Express,(1997),"Comedy, Drama, Romance",0134028
Red Leaves,(2014),Drama,3748640
Delirium,(II) (2013),"Crime, Mystery, Thriller",2429276
Last Days in Jerusalem,(2011),Drama,2044013
Psi,(III),"Drama, Sci-Fi",7475332
Wisdom of the Pretzel,(2002),Comedy,0342535
The Golden Pomegranate,(2010),Drama,1719671
Things Behind the Sun,(2006),Drama,0833545
All My Loving,(1986),Drama,0143347
Lupo Goes to New York,(1976),"Comedy, Drama",0151418
And on the Third Day,(2010),Drama,1619481
Vasermil,(2007),Drama,1124001
Tzanani Family,(1976),Comedy,0143688
The Legend of King Solomon,(2017),"Animation, Family, History",3887158
Od Sipur Echad,(2021),"Comedy, Romance",15439424
Comrade,(2006),"Action, Drama",0391788
Kedma,(2002),"Drama, History, War",0304267
Noodle,(2007),"Comedy, Drama",0892332
Black Jack,(1968),Western,0062736
Hide and Seek,(1980),Drama,0130834
The Milky Way,(1997),Drama,0135650
Green,(1983),Drama,0133817
Tel Aviv Taxi,(1956),"Adventure, Comedy, Drama",0165511
Gentila,(1998),Drama,0143270
Patchwork,(I) (2021),Drama,10827792
Abu Omar,(2020),Drama,13603598
The House on Chelouche Street,(1973),"Comedy, Drama",0069771
Mr. Baum,(1997),Drama,0143751
Newland,(1994),Drama,0109737
Fictitious Marriage,(1988),Drama,0099565
Requiem for the Night,,"Action, Sci-Fi",2643182
Vulcan Junction,(1999),"Drama, Music",0242073
Foul Gesture,(2006),"Comedy, Crime, Drama",1090316
Ballads of the Exodus,(2021),"Drama, Musical",13224844
The Dune,(2013),Drama,2251648
The Seventh Coin,(1993),Adventure,0105361
Laces,(2018),Drama,8524318
Hello Goodbye,(I) (2008),Comedy,1160012
Rescue Bus 300,(2018),Thriller,8466044
The Policeman,(1971),"Comedy, Drama",0066374
Betrayal,(2021),Drama,11233506
Fig Tree,(I) (2018),Drama,6381456
Naomi,(2010),Drama,1666165
"Tick, Tick... Boom!",(2008),Musical,7601668
Take the 'A' Train,(2021),Drama,15280486
Eden,(I) (2001),"Drama, Romance, War",0271017
Fucking Different XXY,(2014),"Comedy, Drama",3482790
Children of the Fall,(2016),"Drama, Horror, Thriller",4177080
Ocean on Fire,(2020),Drama,13045628
A Quiet Heart,(2016),Drama,5907852
Kazablan,(1973),Musical,0071715
Africa,(2019),Drama,10883740
"Rabin, the Last Day",(2015),"Drama, History",4935282
Victor Young Perez,(2013),"Biography, Drama, History",2658428
Tehilim,(2007),Drama,0816672
One Day You'll Understand,(2008),Drama,1180346
Wild Urge,(2023),Drama,16438602
NO-ONE,(2018),"Drama, Thriller",7374062
Jerusalemski sindrom,(2004),"Adventure, Drama",0419858
Peaches and Cream,(2019),"Comedy, Drama, Fantasy",10608464
Zohar,(1993),"Biography, Drama",0108660
Magic Men,(2014),"Comedy, Drama",1651951
The Lover,(1985),Drama,0089571
Distortion,(2005),Drama,0454440
Noble Savage,(2018),Drama,8665606
The Big Tease: Here Comes Another One,(1984),Comedy,1020890
The Pedestrian,(1973),Drama,0070086
Peace After Marriage,(2013),"Comedy, Drama, Romance",2711672
Karma,(XXXI),Fantasy,17321120
Ibiza,(2015),Comedy,5007828
One of Us,(1989),Drama,0097265
The Dive,(2018),"Drama, War",8731156
My Father My Lord,(2007),Drama,1002765
Operation Egg,(2017),"Adventure, Comedy, Family",7245120
The Plumber,(1986),Comedy,0148333
Neve Shaanan,(2021),Drama,12562576
Pillar of Fire,(1959),"Drama, War",0133365
Adam,(1973),"Drama, Thriller",0133336
Actors,(1995),Drama,0114325
Alice,(I) (2012),Drama,2219896
Katz and Carrasso,(1971),"Comedy, Drama",0142428
HaHefech,(2015),NA,13261762
A Responsible Adult,,Drama,8286674
Aya: Imagined Autobiography,(1994),"Biography, Drama",0109177
Day of Judgment,(1974),Drama,0147738
Dual Entity,(1992),Drama,0147267
My Best Friend,,Family,12702436
Life Is Life,(2003),Drama,0382072
Kvalim,(1992),Comedy,0104654
Lena,(1980),Drama,0081042
Untitled Dekel Berenson Project,,NA,13974954
The Flying Camel,(1994),Comedy,0109867
Cartas para Jenny,(2007),"Drama, Romance",1212072
My little family,(2017),Drama,16900488
Sabina,(1966),"Comedy, Drama",0138071
On My Own,(1988),Drama,0146670
The Last Suspect,(2005),"Crime, Drama",2495226
Unseen,(2019),Drama,10230288
Places,(2007),"Comedy, Drama, Sci-Fi",1116812
The Vulture,(1981),Drama,0083604
Igor & the Cranes' Journey,(2012),"Adventure, Family",1906396
10% My Child,(2014),"Comedy, Drama",2339406
August Snow,(1993),Drama,0143876
Max and Morris,(1994),"Comedy, Crime, Music",0126417
Operation Black September,(1976),"Action, Thriller",0487721
Melanoma My Love,(2006),Drama,0856092
Topele,(1968),"Comedy, Drama, Musical",0139492
Water,(III) (2012),Drama,2390250
Ecliptica Welcome Mexico,(2013),"Adventure, Drama, Romance",2925892
Zaya,(1999),"Drama, Romance",0278828
Final Exams,(1983),Drama,0085541
Uncle Peretz Takes Off,(1993),"Romance, Drama",0176659
The End of Milton Levy,(1981),Drama,0146281
The Wanderer,(2010),Drama,1646969
White Panther,(2013),"Drama, Sport",2614342
American Citizen,(1992),"Drama, Sport",0104219
The Road to Where,(2016),Drama,6126442
White Night,(1995),Drama,0116843
42:6 - Ben Gurion,(1969),History,0149563
Sipuray Bate Kafe',(2003),Drama,0386041
Scouting Patrol,(1967),"Drama, War",0138077
Joseph the Dreamer,(1962),"Drama, Animation",0056125
Black Box,(1993),"Drama, Romance",0110287
Harmonia,(2016),Drama,5143744
Ha-Tarnegol,(1971),Comedy,0142898
Paradise Cruise,(2013),"Drama, Thriller",2252614
An Israeli Love Story,(2017),"Drama, History",6077176
The House on Fin Street,(2021),Drama,4365590
Land of the Little People,(2016),"Adventure, Drama, Thriller",3444008
Close to Home,(2005),Drama,0478999
Atomic Falafel,(2015),"Comedy, Drama",3830312
Phobidilia,(2009),Drama,1494810
Kissufim,,Drama,17323516
Burning Mooki,(2008),Drama,1514822
The Uranium Conspiracy,(1978),"Action, Drama, Thriller",0078447
Jaffa,(2009),Drama,1406160
The Women's Balcony,(2016),"Comedy, Drama",5974460
Desperado Square,(2001),Drama,0246730
Little Heroes,(2006),"Adventure, Family",0476546
Wounded Land,(2015),Drama,3489526
Mind Fuck,(2010),Drama,1621826
"April 7, 1980",(2020),"Action, Drama",9869564
Sweet Mud,(2006),Drama,0498846
Bulgarian Rhapsody,(2014),Drama,3541358
Minotaur,(1997),"Romance, Thriller",0119678
Beyond the Walls,(1984),Drama,0087699
Made in Israel,(2001),Drama,0290238
A Bottle in the Gaza Sea,(2010),Drama,2082496
Alila,(2003),"Comedy, Drama",0349079
The Song of the Siren,(1994),"Romance, Comedy",0111171
The Unorthodox,(2018),"Comedy, Drama, History",8657696
The Testament,(2017),Drama,6856132
Lemarit Ain,(2006),"Drama, Mystery",0759604
Time Off,(1990),Drama,0098993
Save the Lifeguard,(1977),Comedy,0121345
The pain behind the eyes,(2022),Drama,15361650
Forced Testimony,(1984),"Drama, Thriller",0133729
El Dorado,(1963),Drama,0057025
Every Bastard a King,(1968),"Drama, War",0062947
Montana,(2017),Drama,5261190
Lost Islands,(2008),"Comedy, Drama",1210351
Time of Favor,(2000),Drama,0268696
Someone to Run With,(2006),"Adventure, Drama",0834955
A New Spirit,(2017),Drama,7398716
The 17th Bride,(1985),Drama,0091926
Ana Arabia,(2013),Drama,3092086
Off-White Lies,(2011),Drama,1981675
The Man in the Wall,(2015),"Drama, Thriller",4029356
Double Edge,(1992),"Drama, Thriller",0104131
The Loners,(2009),Drama,1455618
A Place in Heaven,(2013),Drama,2960994
The Spy Who Never Was,(1976),Drama,0070812
Campfire,(2004),Drama,0374036
